Type,Name,Request Count,Failure Count,Median Response Time,Average Response Time,Min Response Time,Max Response Time,Average Content Size,Requests/s,Failures/s,50%,66%,75%,80%,90%,95%,98%,99%,99.9%,99.99%,100%
GET,[S2] Post texto 400KB,284,0,32,33.49991247879688,26.86245000040799,78.36094999947818,438369.0,4.678766351115883,0.0,32,33,34,35,38,49,61,73,78,78,78
,Aggregated,284,0,32,33.49991247879688,26.86245000040799,78.36094999947818,438369.0,4.678766351115883,0.0,32,33,34,35,38,49,61,73,78,78,78
